Window0-Att0,Window0-Att1,Window0-Att2,Window0-Att3,Window0-Att4,Window0-Att5,Window1-Att0,Window1-Att1,Window1-Att2,Window1-Att3,Window1-Att4,Window1-Att5,Window2-Att0,Window2-Att1,Window2-Att2,Window2-Att3,Window2-Att4,Window2-Att5,Window3-Att0,Window3-Att1,Window3-Att2,Window3-Att3,Window3-Att4,Window3-Att5,Window4-Att0,Window4-Att1,Window4-Att2,Window4-Att3,Window4-Att4,Window4-Att5,target,target_2,target_3,target_4,target_5,target_6
16.15,5.13,47.0,30.8,42.1,3.27,17.29,5.13,47.0,30.6,48.1,3.71,18.02,5.15,46.0,29.9,75.3,5.59,18.73,5.15,46.0,30.3,72.5,5.31,19.57,5.14,47.0,30.8,61.9,4.54,0.14327,0.15028,0.13873,0.1382,0.16423,0.16662
14.27,5.12,47.0,31.1,46.7,3.79,14.19,5.15,45.0,29.7,45.1,3.75,14.75,5.15,45.0,29.7,51.6,4.23,15.17,5.14,46.0,30.4,46.8,3.74,14.85,5.11,47.0,31.2,46.8,3.78,0.12066,0.11534,0.14181,0.14292,0.12546,0.13127
19.9,6.575,50.85,33.45,78.85,5.575,20.83,6.58,49.55,32.5,80.9,5.75,20.81,6.595,48.45,31.65,81.3,5.81,20.94,6.6,47.35,30.85,82.7,5.9,21.35,6.6,46.0,29.9,84.3,5.98,0.15268,0.14782,0.13087,0.12877,0.14597,0.14449
13.34,5.13,46.0,30.1,42.6,3.55,13.63,5.11,48.0,31.3,46.0,3.79,14.27,5.12,47.0,31.1,46.7,3.79,14.19,5.15,45.0,29.7,45.1,3.75,14.75,5.15,45.0,29.7,51.6,4.23,0.11138,0.1149,0.14489,0.14433,0.08324,0.09171
14.19,5.15,45.0,29.7,45.1,3.75,14.75,5.15,45.0,29.7,51.6,4.23,15.17,5.14,46.0,30.4,46.8,3.74,14.85,5.11,47.0,31.2,46.8,3.78,14.72,5.1,48.0,31.7,42.7,3.4,0.12607,0.11512,0.14489,0.14528,0.10712,0.11223
