Window0-Att0,Window0-Att1,Window0-Att2,Window0-Att3,Window0-Att4,Window0-Att5,Window1-Att0,Window1-Att1,Window1-Att2,Window1-Att3,Window1-Att4,Window1-Att5,Window2-Att0,Window2-Att1,Window2-Att2,Window2-Att3,Window2-Att4,Window2-Att5,Window3-Att0,Window3-Att1,Window3-Att2,Window3-Att3,Window3-Att4,Window3-Att5,Window4-Att0,Window4-Att1,Window4-Att2,Window4-Att3,Window4-Att4,Window4-Att5,target,target_2,target_3,target_4,target_5,target_6
13.95,5.11,47.0,30.8,20.2,1.64,13.75,5.13,45.0,29.7,38.5,3.27,13.34,5.13,46.0,30.1,42.6,3.55,13.63,5.11,48.0,31.3,46.0,3.79,14.27,5.12,47.0,31.1,46.7,3.79,0.09844,0.11445,0.14798,0.15094,0.07355,0.08356
18.73,5.15,46.0,30.3,72.5,5.31,19.57,5.14,47.0,30.8,61.9,4.54,20.96,6.65,48.0,31.5,119.2,8.27,20.17,6.65,49.0,32.2,88.1,6.54,20.7,6.66,49.0,32.7,82.2,5.85,0.15165,0.14984,0.13873,0.14009,0.1952,0.19183
23.54,6.62,49.7,32.6,76.9,5.16,23.73,6.62,49.7,32.6,95.7,6.42,24.17,6.61,49.8,32.7,99.85,6.64,23.405,6.61,49.95,32.8,87.55,5.915,20.9,6.58,50.7,33.35,70.85,4.975,0.13754,0.14782,0.14181,0.14103,0.14588,0.14783
22.63,6.625,50.1,32.9,81.45,5.66,23.55,6.63,49.6,32.5,80.1,5.4,23.63,6.62,49.8,32.7,81.4,5.47,23.54,6.62,49.7,32.6,76.9,5.16,23.73,6.62,49.7,32.6,95.7,6.42,0.13419,0.14737,0.15276,0.15329,0.14,0.14214
23.47,6.71,45.0,29.3,124.8,8.54,23.54,6.69,45.0,29.7,112.8,7.76,24.59,6.69,45.0,29.8,109.7,7.54,23.99,6.68,46.0,30.1,95.6,6.48,23.665,6.67,47.0,30.7,91.3,6.25,0.15287,0.14827,0.15322,0.15377,0.16561,0.15871
