Window0-Att0,Window0-Att1,Window0-Att2,Window0-Att3,Window0-Att4,Window0-Att5,Window1-Att0,Window1-Att1,Window1-Att2,Window1-Att3,Window1-Att4,Window1-Att5,Window2-Att0,Window2-Att1,Window2-Att2,Window2-Att3,Window2-Att4,Window2-Att5,Window3-Att0,Window3-Att1,Window3-Att2,Window3-Att3,Window3-Att4,Window3-Att5,Window4-Att0,Window4-Att1,Window4-Att2,Window4-Att3,Window4-Att4,Window4-Att5,target,target_2,target_3,target_4,target_5,target_6
20.81,6.595,48.45,31.65,81.3,5.81,20.94,6.6,47.35,30.85,82.7,5.9,21.35,6.6,46.0,29.9,84.3,5.98,21.535,6.59,44.65,28.85,86.9,6.225,21.985,6.58,44.15,28.5,92.65,6.63,0.16978,0.14804,0.12809,0.1257,0.13481,0.12867
20.17,6.65,49.0,32.2,88.1,6.54,20.7,6.66,49.0,32.7,82.2,5.85,21.66,6.68,47.0,30.7,94.8,6.63,21.79,6.71,44.0,28.9,109.0,7.79,22.24,6.71,45.0,29.3,94.9,6.74,0.15245,0.14939,0.14489,0.1448,0.158,0.15451
21.535,6.59,44.65,28.85,86.9,6.225,21.985,6.58,44.15,28.5,92.65,6.63,22.7,6.6,42.3,27.2,98.7,7.0,23.58,6.605,42.7,27.5,87.5,6.125,23.685,6.6,42.7,27.5,85.5,5.945,0.1768,0.14793,0.12609,0.12358,0.07744,0.07144
15.28,5.11,48.0,32.0,42.5,3.38,16.15,5.13,47.0,30.8,42.1,3.27,17.29,5.13,47.0,30.6,48.1,3.71,18.02,5.15,46.0,29.9,75.3,5.59,18.73,5.15,46.0,30.3,72.5,5.31,0.14037,0.15028,0.13565,0.13631,0.18863,0.19258
12.89,5.1,48.0,31.9,8.6,0.71,13.95,5.11,47.0,30.8,20.2,1.64,13.75,5.13,45.0,29.7,38.5,3.27,13.34,5.13,46.0,30.1,42.6,3.55,13.63,5.11,48.0,31.3,46.0,3.79,0.09483,0.11422,0.14798,0.14952,0.07389,0.08405
