Window0-Att0,Window0-Att1,Window0-Att2,Window0-Att3,Window0-Att4,Window0-Att5,Window1-Att0,Window1-Att1,Window1-Att2,Window1-Att3,Window1-Att4,Window1-Att5,Window2-Att0,Window2-Att1,Window2-Att2,Window2-Att3,Window2-Att4,Window2-Att5,Window3-Att0,Window3-Att1,Window3-Att2,Window3-Att3,Window3-Att4,Window3-Att5,Window4-Att0,Window4-Att1,Window4-Att2,Window4-Att3,Window4-Att4,Window4-Att5,target,target_2,target_3,target_4,target_5,target_6
21.35,6.6,46.0,29.9,84.3,5.98,21.535,6.59,44.65,28.85,86.9,6.225,21.985,6.58,44.15,28.5,92.65,6.63,22.7,6.6,42.3,27.2,98.7,7.0,23.58,6.605,42.7,27.5,87.5,6.125,0.17403,0.14804,0.1264,0.12381,0.07857,0.07317
13.95,5.11,47.0,30.8,20.2,1.64,13.75,5.13,45.0,29.7,38.5,3.27,13.34,5.13,46.0,30.1,42.6,3.55,13.63,5.11,48.0,31.3,46.0,3.79,14.27,5.12,47.0,31.1,46.7,3.79,0.09844,0.11445,0.14798,0.15094,0.07355,0.08356
13.75,5.13,45.0,29.7,38.5,3.27,13.34,5.13,46.0,30.1,42.6,3.55,13.63,5.11,48.0,31.3,46.0,3.79,14.27,5.12,47.0,31.1,46.7,3.79,14.19,5.15,45.0,29.7,45.1,3.75,0.10404,0.1149,0.14489,0.14528,0.07286,0.08084
17.29,5.13,47.0,30.6,48.1,3.71,18.02,5.15,46.0,29.9,75.3,5.59,18.73,5.15,46.0,30.3,72.5,5.31,19.57,5.14,47.0,30.8,61.9,4.54,20.96,6.65,48.0,31.5,119.2,8.27,0.14682,0.1504,0.13565,0.13631,0.22583,0.22595
20.9,6.58,50.7,33.35,70.85,4.975,18.715,6.55,52.6,34.7,67.8,4.935,19.9,6.575,50.85,33.45,78.85,5.575,20.83,6.58,49.55,32.5,80.9,5.75,20.81,6.595,48.45,31.65,81.3,5.81,0.1519,0.14793,0.13164,0.12971,0.15142,0.15142
